Date,Signups (Free),Pro Conversions,MRR ($),API Costs ($),30-Day Retention (%),Churn Rate (%),Traffic Source,Notes
5/20/2026,0,0,0,0,0,0,Pre-Launch,Launch day - metrics start tomorrow
5/21/2026,,,,,,,Track all daily signups and conversions
5/22/2026,,,,,,,
5/23/2026,,,,,,,
5/24/2026,,,,,,,
5/25/2026,,,,,,,
5/26/2026,,,,,,,
5/27/2026,,,,,,,
6/1/2026,,,,,,,Week 1 complete - assess retention
6/8/2026,,,,,,,Week 2 - first blog post live
6/15/2026,,,,,,,Week 3 - assess growth channels
6/22/2026,,,,,,,Week 4 - month 1 review
6/29/2026,,,,,,,
7/6/2026,,,,,,,
7/13/2026,,,,,,,
7/20/2026,,,,,,,
7/27/2026,,,,,,,
8/3/2026,,,,,,,PHASE 2 START - Content escalates
8/10/2026,,,,,,,
8/17/2026,,,,,,,
8/24/2026,,,,,,,
8/31/2026,,,,,,,
9/7/2026,,,,,,,
9/14/2026,,,,,,,
9/21/2026,,,,,,,
9/28/2026,,,,,,,DECISION POINT - $800+ MRR target?
10/5/2026,,,,,,,PHASE 3 START - Seasonal peak begins
10/12/2026,,,,,,,
10/19/2026,,,,,,,
10/26/2026,,,,,,,
11/2/2026,,,,,,,
11/9/2026,,,,,,,
11/16/2026,,,,,,,
11/23/2026,,,,,,,
11/30/2026,,,,,,,
12/7/2026,,,,,,,
12/14/2026,,,,,,,
12/21/2026,,,,,,,
12/28/2026,,,,,,,DECISION POINT - $1,500+ MRR target?
1/4/2027,,,,,,,PHASE 4 START - Full ramp
1/11/2027,,,,,,,
1/18/2027,,,,,,,
1/25/2027,,,,,,,
2/1/2027,,,,,,,
2/8/2027,,,,,,,
2/15/2027,,,,,,,
2/22/2027,,,,,,,
3/1/2027,,,,,,,
3/8/2027,,,,,,,
3/15/2027,,,,,,,
3/22/2027,,,,,,,
3/29/2027,,,,,,,
4/5/2027,,,,,,,
4/12/2027,,,,,,,
4/19/2027,,,,,,,
4/26/2027,,,,,,,
5/3/2027,,,,,,,
5/10/2027,,,,,,,
5/17/2027,,,,,,,
5/24/2027,,,,,,,
5/31/2027,,,,,,,FINAL DECISION POINT - $5,000+ MRR?